<?xml version="1.0" encoding="UTF-8"?>
<project-private xmlns="http://www.netbeans.org/ns/project-private/1">
    <editor-bookmarks xmlns="http://www.netbeans.org/ns/editor-bookmarks/2" lastBookmarkId="0"/>
    <open-files xmlns="http://www.netbeans.org/ns/projectui-open-files/2">
        <group>
            <file>file:/I:/Proyectos/Proyectos%20de%20Semestre/Contabilidad/Conta%20Studio/Conta_Studio/src/Codigo/Main_Frame.java</file>
            <file>file:/I:/Proyectos/Proyectos%20de%20Semestre/Contabilidad/Conta%20Studio/Conta_Studio/src/Codigo/Frame.java</file>
        </group>
    </open-files>
</project-private>
